<?xml version='1.0' encoding='UTF-8'?>
<faces-config version="2.2"
              xmlns="http://xmlns.jcp.org/xml/ns/javaee"
              xmlns:xsi="http://www.w3.org/2001/XMLSchema-instance"
              xsi:schemaLocation="http://xmlns.jcp.org/xml/ns/javaee http://xmlns.jcp.org/xml/ns/javaee/web-facesconfig_2_2.xsd">
  <managed-bean>
        <managed-bean-name>ProfesorControlador</managed-bean-name>
        <managed-bean-class>Controlador.ProfesorControlador</managed-bean-class>
        <managed-bean-scope>session</managed-bean-scope>
    </managed-bean> 
    <navigation-rule>
        <from-view-id>/index.xhtml</from-view-id>
        <navigation-case>
            <from-outcome>registro</from-outcome>
            <to-view-id>/registro.xhtml</to-view-id>
        </navigation-case>
        <navigation-case>
            <from-outcome>edicion</from-outcome>
            <to-view-id>editar.xhtml</to-view-id>
        </navigation-case>    
    </navigation-rule>
    <navigation-rule>
        <from-view-id>/registro.xhtml</from-view-id>
        <navigation-case>
            <from-outcome>listar</from-outcome>
            <to-view-id>/index.xhtml</to-view-id>
        </navigation-case>    
    </navigation-rule>
    <navigation-rule>
        <from-view-id>/editar.xhtml</from-view-id>
        <navigation-case>
            <from-outcome>listar</from-outcome>
            <to-view-id>/index.xhtml</to-view-id>
        </navigation-case>    
    </navigation-rule>
</faces-config>
 