<?xml version="1.0" encoding="UTF-8"?>
<project-private xmlns="http://www.netbeans.org/ns/project-private/1">
    <editor-bookmarks xmlns="http://www.netbeans.org/ns/editor-bookmarks/2" lastBookmarkId="0"/>
    <open-files xmlns="http://www.netbeans.org/ns/projectui-open-files/2">
        <group>
            <file>file:/E:/Cursos/2018-1/Lenguaje%20de%20Programación%202/SISMUEBLUM_JAVA/SISMUEBLUM_JAVA/src/Vista/Clientes/VerDetalles.java</file>
            <file>file:/E:/Cursos/2018-1/Lenguaje%20de%20Programación%202/SISMUEBLUM_JAVA/SISMUEBLUM_JAVA/src/LogicaNegocio/ClienteBL.java</file>
            <file>file:/E:/Cursos/2018-1/Lenguaje%20de%20Programación%202/SISMUEBLUM_JAVA/SISMUEBLUM_JAVA/src/AccesoDatos/ClienteDA.java</file>
        </group>
    </open-files>
</project-private>
