<?xml version="1.0" encoding="UTF-8"?>
<project-private xmlns="http://www.netbeans.org/ns/project-private/1">
    <editor-bookmarks xmlns="http://www.netbeans.org/ns/editor-bookmarks/2" lastBookmarkId="0"/>
    <open-files xmlns="http://www.netbeans.org/ns/projectui-open-files/2">
        <group>
            <file>file:/C:/Users/Freddy/Documents/NetBeansProjects/clase0205/src/clase0205/Clase0205.java</file>
            <file>file:/C:/Users/Freddy/Documents/NetBeansProjects/clase0205/src/clase0205/NewJFrame.java</file>
            <file>file:/C:/Users/Freddy/Documents/NetBeansProjects/clase0205/src/leaf_banner_green.png</file>
        </group>
    </open-files>
</project-private>
