<?xml version="1.0" encoding="UTF-8"?>
<project-private xmlns="http://www.netbeans.org/ns/project-private/1">
    <editor-bookmarks xmlns="http://www.netbeans.org/ns/editor-bookmarks/2" lastBookmarkId="0"/>
    <open-files xmlns="http://www.netbeans.org/ns/projectui-open-files/2">
        <group>
            <file>file:/C:/Users/PC_Samsung/Desktop/AplicacionWeb0806/web/WEB-INF/faces-config.xml</file>
            <file>file:/C:/Users/PC_Samsung/Desktop/AplicacionWeb0806/web/index.xhtml</file>
            <file>file:/C:/Users/PC_Samsung/Desktop/AplicacionWeb0806/src/java/AccesoDatos/ProfesorDA.java</file>
            <file>file:/C:/Users/PC_Samsung/Desktop/AplicacionWeb0806/src/java/Controlador/ProfesorControlador.java</file>
            <file>file:/C:/Users/PC_Samsung/Desktop/AplicacionWeb0806/src/java/Modelo/Profesor.java</file>
            <file>file:/C:/Users/PC_Samsung/Desktop/AplicacionWeb0806/web/registro.xhtml</file>
            <file>file:/C:/Users/PC_Samsung/Desktop/AplicacionWeb0806/web/editar.xhtml</file>
        </group>
    </open-files>
</project-private>
