<?xml version="1.0" encoding="UTF-8"?>
<project-private xmlns="http://www.netbeans.org/ns/project-private/1">
    <editor-bookmarks xmlns="http://www.netbeans.org/ns/editor-bookmarks/2" lastBookmarkId="0"/>
    <open-files xmlns="http://www.netbeans.org/ns/projectui-open-files/2">
        <group>
            <file>file:/C:/Users/Freddy/Documents/NetBeansProjects/clase1605/src/clase1605/ejemplo.java</file>
            <file>file:/C:/Users/Freddy/Documents/NetBeansProjects/clase1605/src/clase1605/Clase1605.java</file>
            <file>file:/C:/Users/Freddy/Documents/NetBeansProjects/clase1605/src/clase1605/triangulo.java</file>
            <file>file:/C:/Users/Freddy/Documents/NetBeansProjects/clase1605/src/clase1605/cuadrados.java</file>
            <file>file:/C:/Users/Freddy/Documents/NetBeansProjects/clase1605/src/clase1605/claseEjemplo.java</file>
            <file>file:/C:/Users/Freddy/Documents/NetBeansProjects/clase1605/src/clase1605/timer.java</file>
        </group>
    </open-files>
</project-private>
