<?xml version="1.0" encoding="UTF-8"?>
<project-private xmlns="http://www.netbeans.org/ns/project-private/1">
    <editor-bookmarks xmlns="http://www.netbeans.org/ns/editor-bookmarks/2" lastBookmarkId="0"/>
    <open-files xmlns="http://www.netbeans.org/ns/projectui-open-files/2">
        <group>
            <file>file:/C:/Users/Freddy/Documents/NetBeansProjects/clase200418/src/modelo/profesor.java</file>
            <file>file:/C:/Users/Freddy/Documents/NetBeansProjects/clase200418/src/accesoDatos/profesorDA.java</file>
            <file>file:/C:/Users/Freddy/Documents/NetBeansProjects/clase200418/src/vista/frmBusquedaProfesor.java</file>
            <file>file:/C:/Users/Freddy/Documents/NetBeansProjects/clase200418/src/clase200418/Clase200418.java</file>
            <file>file:/C:/Users/Freddy/Documents/NetBeansProjects/clase200418/src/controlador/profesorBL.java</file>
            <file>file:/C:/Users/Freddy/Documents/NetBeansProjects/clase200418/src/vista/gestionarProfesor.java</file>
        </group>
    </open-files>
</project-private>
